statement.execute("insert into users values ('sinkou@icloud.com', 	'although_posset' , 'Perseusproxy8554' , 	'4/8/1976'	, 1	, '52U82'); ");
statement.execute("insert into users values ('sagal@att.net', 	'uranium_supplier' , 'Sepiadownload8741' , 	'3/2/1977'	, 0	, 'RI0GP'); ");
statement.execute("insert into users values ('msherr@optonline.net', 	'dinginess_silent' , 'Anguishedshown1111' , 	'24/08/1977'	, 0	, '91ZV7'); ");
statement.execute("insert into users values ('balchen@outlook.com', 	'uncounted_bulldozer' , 'Murmuringbuggy2225' , 	'9/8/1979'	, 1	, 'IRT3I'); ");
statement.execute("insert into users values ('zavadsky@yahoo.ca', 	'salonlinda' , 'Abbystirgoa1234' , 	'12/8/1981'	, 0	, 'O1FSO'); ");
statement.execute("insert into users values ('crowemojo@icloud.com', 	'writerpacified' , 'Bertharare0123' , 	'20/10/1987'	, 1	, 'C1W1M'); ");
statement.execute("insert into users values ('janusfury@msn.com', 	'stewarts_clubbing' , 'Spellingbling1789' , 	'18/10/1989'	, 0	, '5MXRG'); ");
statement.execute("insert into users values ('nullchar@yahoo.com', 	'manleyrolled_civilianbritish' , 'Tapejukebox1148' , 	'3/5/1993'	, 1	, 'GN2B2'); ");
statement.execute("insert into users values ('tsuruta@yahoo.com', 	'peeved_mossy' , 'Reliancearbitrary1147' , 	'24/01/2008'	, 1	, 'X9Z2K'); ");
statement.execute("insert into users values ('cgarcia@live.com', 	'troutmender' , 'Upheldcrush420' , 	'17/04/2008'	, 1	, 'WBSNK'); ");


statement.execute("insert into questions values ('Q100000001' , 'Why is processing a sorted array faster than processing an unsorted array?' ,	'B80F8'	, 64	, 64);");
statement.execute("insert into questions values ('Q100000002' , 'How do I undo the most recent local commits in Git?' ,	'XO7MV'	, 7	, 98);");
statement.execute("insert into questions values ('Q100000003' , 'How do I delete a Git branch locally and remotely?' ,	'F751D'	, 84	, 84);");
statement.execute("insert into questions values ('Q100000004' , 'What is the difference between git pull and git fetch?' ,	'PXZ9O'	, 4	, 88);");
statement.execute("insert into questions values ('Q100000005' , 'What does the yield keyword do?' ,	'U7LYU'	, 16	, 47);");
statement.execute("insert into questions values ('Q100000006' , 'What is the correct JSON content type?' ,	'I738T'	, 16	, 63);");
statement.execute("insert into questions values ('Q100000007' , 'How do I undo git add before commit?' ,	'BS3YN'	, 76	, 54);");
statement.execute("insert into questions values ('Q100000008' , 'What is the --> operator in C++?' ,	'MU8H9'	, 61	, 68);");
statement.execute("insert into questions values ('Q100000009' , 'How do I rename a local Git branch?' ,	'3F68Q'	, 38	, 65);");
statement.execute("insert into questions values ('Q100000010' , 'How can I remove a specific item from an array?' ,	'2IZTQ'	, 47	, 46);");

statement.execute("insert into answers values ('A100000001',   ' array.remove(number); '  ,  'Q100000001' , '52U82' ,  1); ");
statement.execute("insert into answers values ('A100000002',   ' array.remove(number); '  ,  'Q100000002' , 'RI0GP' ,  0); ");
statement.execute("insert into answers values ('A100000003',   ' array.remove(number); '  ,  'Q100000003' , '91ZV7' ,  0.5); ");
statement.execute("insert into answers values ('A100000004',   ' array.remove(number); '  ,  'Q100000004' , 'IRT3I' ,  1); ");
statement.execute("insert into answers values ('A100000005',   ' array.remove(number); '  ,  'Q100000005' , 'O1FSO' ,  0); ");
statement.execute("insert into answers values ('A100000006',   ' array.remove(number); '  ,  'Q100000006' , 'C1W1M' ,  1); ");
statement.execute("insert into answers values ('A100000007',   ' array.remove(number); '  ,  'Q100000007' , '5MXRG' ,  1); ");
statement.execute("insert into answers values ('A100000008',   ' array.remove(number); '  ,  'Q100000008' , 'GN2B2' ,  1); ");
statement.execute("insert into answers values ('A100000009',   ' array.remove(number); '  ,  'Q100000009' , 'X9Z2K' ,  0.5); ");
statement.execute("insert into answers values ('A100000010',   ' array.remove(number); '  ,  'Q100000010' , 'WBSNK' ,  1); ");
